<metadata xml:lang="en">
	<Esri>
		<CreaDate>20141218</CreaDate>
		<CreaTime>16321300</CreaTime>
		<ArcGISFormat>1.0</ArcGISFormat>
		<ArcGISstyle>FGDC CSDGM Metadata</ArcGISstyle>
		<SyncOnce>FALSE</SyncOnce>
		<DataProperties>
			<itemProps>
				<itemName Sync="TRUE">general_election_results_by_precinct_2014</itemName>
				<nativeExtBox>
					<westBL Sync="TRUE">189783.511900</westBL>
					<eastBL Sync="TRUE">761653.524000</eastBL>
					<southBL Sync="TRUE">4816309.329300</southBL>
					<northBL Sync="TRUE">5472346.499200</northBL>
					<exTypeCode Sync="TRUE">1</exTypeCode>
				</nativeExtBox>
				<itemSize Sync="TRUE">0.000</itemSize>
				<itemLocation>
					<linkage Sync="TRUE">file://\\g46palgdrftp001\Z\var\ftp\gdrs_temp\update\us_mn_state_sos\bdry_electionresults_2012_2020\shp\general_election_results_by_precinct_2014.shp</linkage>
					<protocol Sync="TRUE">Local Area Network</protocol>
				</itemLocation>
				<imsContentType Sync="TRUE" export="False">002</imsContentType>
			</itemProps>
			<coordRef>
				<type Sync="TRUE">Projected</type>
				<geogcsn Sync="TRUE">GCS_North_American_1983</geogcsn>
				<csUnits Sync="TRUE">Linear Unit: Meter (1.000000)</csUnits>
				<projcsn Sync="TRUE">NAD_1983_UTM_Zone_15N</projcsn>
				<peXml Sync="TRUE">&lt;ProjectedCoordinateSystem xsi:type='typens:ProjectedCoordinateSystem' xmlns:xsi='http://www.w3.org/2001/XMLSchema-instance' xmlns:xs='http://www.w3.org/2001/XMLSchema' xmlns:typens='http://www.esri.com/schemas/ArcGIS/10.4'&gt;&lt;WKT&gt;PROJCS[&amp;quot;NAD_1983_UTM_Zone_15N&amp;quot;,GEOGCS[&amp;quot;GCS_North_American_1983&amp;quot;,DATUM[&amp;quot;D_North_American_1983&amp;quot;,SPHEROID[&amp;quot;GRS_1980&amp;quot;,6378137.0,298.257222101]],PRIMEM[&amp;quot;Greenwich&amp;quot;,0.0],UNIT[&amp;quot;Degree&amp;quot;,0.0174532925199433]],PROJECTION[&amp;quot;Transverse_Mercator&amp;quot;],PARAMETER[&amp;quot;False_Easting&amp;quot;,500000.0],PARAMETER[&amp;quot;False_Northing&amp;quot;,0.0],PARAMETER[&amp;quot;Central_Meridian&amp;quot;,-93.0],PARAMETER[&amp;quot;Scale_Factor&amp;quot;,0.9996],PARAMETER[&amp;quot;Latitude_Of_Origin&amp;quot;,0.0],UNIT[&amp;quot;Meter&amp;quot;,1.0],AUTHORITY[&amp;quot;EPSG&amp;quot;,26915]]&lt;/WKT&gt;&lt;XOrigin&gt;-5120900&lt;/XOrigin&gt;&lt;YOrigin&gt;-9998100&lt;/YOrigin&gt;&lt;XYScale&gt;450445547.3910538&lt;/XYScale&gt;&lt;ZOrigin&gt;-100000&lt;/ZOrigin&gt;&lt;ZScale&gt;10000&lt;/ZScale&gt;&lt;MOrigin&gt;-100000&lt;/MOrigin&gt;&lt;MScale&gt;10000&lt;/MScale&gt;&lt;XYTolerance&gt;0.001&lt;/XYTolerance&gt;&lt;ZTolerance&gt;0.001&lt;/ZTolerance&gt;&lt;MTolerance&gt;0.001&lt;/MTolerance&gt;&lt;HighPrecision&gt;true&lt;/HighPrecision&gt;&lt;WKID&gt;26915&lt;/WKID&gt;&lt;LatestWKID&gt;26915&lt;/LatestWKID&gt;&lt;/ProjectedCoordinateSystem&gt;</peXml>
			</coordRef>
			<lineage>
				<Process ToolSource="c:\program files (x86)\arcgis\desktop10.3\ArcToolbox\Toolboxes\Data Management Tools.tbx\CalculateField" Date="20170822" Time="105124">CalculateField vtd2014general_officialresults COUNTYNAME "Lac qui Parle" VB #</Process>
				<Process ToolSource="c:\program files (x86)\arcgis\desktop10.3\ArcToolbox\Toolboxes\Data Management Tools.tbx\CalculateField" Date="20170822" Time="110221">CalculateField vtd2014general_officialresults SWCDIST_N "Lac qui Parle" VB #</Process>
				<Process ToolSource="c:\program files (x86)\arcgis\desktop10.3\ArcToolbox\Toolboxes\Data Management Tools.tbx\CalculateField" Date="20170822" Time="110320">CalculateField vtd2014general_officialresults SWCDIST_N "Lake of the Woods" VB #</Process>
				<Process ToolSource="c:\program files (x86)\arcgis\desktop10.3\ArcToolbox\Toolboxes\Data Management Tools.tbx\CalculateField" Date="20170822" Time="110326">CalculateField vtd2014general_officialresults COUNTYNAME "Lake of the Woods" VB #</Process>
				<Process ToolSource="c:\program files (x86)\arcgis\desktop10.3\ArcToolbox\Toolboxes\Data Management Tools.tbx\CalculateField" Date="20170822" Time="110350">CalculateField vtd2014general_officialresults COUNTYNAME "McLeod" VB #</Process>
				<Process ToolSource="c:\program files (x86)\arcgis\desktop10.3\ArcToolbox\Toolboxes\Data Management Tools.tbx\CalculateField" Date="20170822" Time="110356">CalculateField vtd2014general_officialresults SWCDIST_N "McLeod" VB #</Process>
				<Process ToolSource="C:\program files\arcgis\server\ArcToolbox\Toolboxes\Conversion Tools.tbx\FeatureClassToFeatureClass" Date="20170901" Time="233906">FeatureClassToFeatureClass /var/ftp/gdrs_temp/update\us_mn_state_sos\bdry_electionresults_2012_2020\fgdb\General-Election-Results-2012-2020.gdb\general_election_results_by_precinct_2014 /var/ftp/gdrs_temp/update\us_mn_state_sos\bdry_electionresults_2012_2020\shp general_election_results_by_precinct_2014.shp # "VTDID "VTDID" true true false 9 Text 0 0 ,First,#,/var/ftp/gdrs_temp/update\us_mn_state_sos\bdry_electionresults_2012_2020\fgdb\General-Election-Results-2012-2020.gdb\general_election_results_by_precinct_2014,VTDID,-1,-1;PCTNAME "PCTNAME" true true false 36 Text 0 0 ,First,#,/var/ftp/gdrs_temp/update\us_mn_state_sos\bdry_electionresults_2012_2020\fgdb\General-Election-Results-2012-2020.gdb\general_election_results_by_precinct_2014,PCTNAME,-1,-1;PCTCODE "PCTCODE" true true false 4 Text 0 0 ,First,#,/var/ftp/gdrs_temp/update\us_mn_state_sos\bdry_electionresults_2012_2020\fgdb\General-Election-Results-2012-2020.gdb\general_election_results_by_precinct_2014,PCTCODE,-1,-1;SHORTLABEL "SHORTLABEL" true true false 25 Text 0 0 ,First,#,/var/ftp/gdrs_temp/update\us_mn_state_sos\bdry_electionresults_2012_2020\fgdb\General-Election-Results-2012-2020.gdb\general_election_results_by_precinct_2014,SHORTLABEL,-1,-1;MCDNAME "MCDNAME" true true false 31 Text 0 0 ,First,#,/var/ftp/gdrs_temp/update\us_mn_state_sos\bdry_electionresults_2012_2020\fgdb\General-Election-Results-2012-2020.gdb\general_election_results_by_precinct_2014,MCDNAME,-1,-1;MCDCODE "MCDCODE" true true false 3 Text 0 0 ,First,#,/var/ftp/gdrs_temp/update\us_mn_state_sos\bdry_electionresults_2012_2020\fgdb\General-Election-Results-2012-2020.gdb\general_election_results_by_precinct_2014,MCDCODE,-1,-1;MCDFIPS "MCDFIPS" true true false 5 Text 0 0 ,First,#,/var/ftp/gdrs_temp/update\us_mn_state_sos\bdry_electionresults_2012_2020\fgdb\General-Election-Results-2012-2020.gdb\general_election_results_by_precinct_2014,MCDFIPS,-1,-1;MCDGNIS "MCDGNIS" true true false 8 Text 0 0 ,First,#,/var/ftp/gdrs_temp/update\us_mn_state_sos\bdry_electionresults_2012_2020\fgdb\General-Election-Results-2012-2020.gdb\general_election_results_by_precinct_2014,MCDGNIS,-1,-1;CTU_TYPE "CTU_TYPE" true true false 21 Text 0 0 ,First,#,/var/ftp/gdrs_temp/update\us_mn_state_sos\bdry_electionresults_2012_2020\fgdb\General-Election-Results-2012-2020.gdb\general_election_results_by_precinct_2014,CTU_TYPE,-1,-1;COUNTYNAME "COUNTYNAME" true true false 17 Text 0 0 ,First,#,/var/ftp/gdrs_temp/update\us_mn_state_sos\bdry_electionresults_2012_2020\fgdb\General-Election-Results-2012-2020.gdb\general_election_results_by_precinct_2014,COUNTYNAME,-1,-1;COUNTYCODE "COUNTYCODE" true true false 2 Text 0 0 ,First,#,/var/ftp/gdrs_temp/update\us_mn_state_sos\bdry_electionresults_2012_2020\fgdb\General-Election-Results-2012-2020.gdb\general_election_results_by_precinct_2014,COUNTYCODE,-1,-1;COUNTYFIPS "COUNTYFIPS" true true false 3 Text 0 0 ,First,#,/var/ftp/gdrs_temp/update\us_mn_state_sos\bdry_electionresults_2012_2020\fgdb\General-Election-Results-2012-2020.gdb\general_election_results_by_precinct_2014,COUNTYFIPS,-1,-1;CONGDIST "CONGDIST" true true false 1 Text 0 0 ,First,#,/var/ftp/gdrs_temp/update\us_mn_state_sos\bdry_electionresults_2012_2020\fgdb\General-Election-Results-2012-2020.gdb\general_election_results_by_precinct_2014,CONGDIST,-1,-1;MNSENDIST "MNSENDIST" true true false 2 Text 0 0 ,First,#,/var/ftp/gdrs_temp/update\us_mn_state_sos\bdry_electionresults_2012_2020\fgdb\General-Election-Results-2012-2020.gdb\general_election_results_by_precinct_2014,MNSENDIST,-1,-1;MNLEGDIST "MNLEGDIST" true true false 3 Text 0 0 ,First,#,/var/ftp/gdrs_temp/update\us_mn_state_sos\bdry_electionresults_2012_2020\fgdb\General-Election-Results-2012-2020.gdb\general_election_results_by_precinct_2014,MNLEGDIST,-1,-1;CTYCOMDIST "CTYCOMDIST" true true false 1 Text 0 0 ,First,#,/var/ftp/gdrs_temp/update\us_mn_state_sos\bdry_electionresults_2012_2020\fgdb\General-Election-Results-2012-2020.gdb\general_election_results_by_precinct_2014,CTYCOMDIST,-1,-1;JUDDIST "JUDDIST" true true false 2 Text 0 0 ,First,#,/var/ftp/gdrs_temp/update\us_mn_state_sos\bdry_electionresults_2012_2020\fgdb\General-Election-Results-2012-2020.gdb\general_election_results_by_precinct_2014,JUDDIST,-1,-1;SWCDIST "SWCDIST" true true false 4 Text 0 0 ,First,#,/var/ftp/gdrs_temp/update\us_mn_state_sos\bdry_electionresults_2012_2020\fgdb\General-Election-Results-2012-2020.gdb\general_election_results_by_precinct_2014,SWCDIST,-1,-1;SWCDIST_N "SWCDIST_N" true true false 21 Text 0 0 ,First,#,/var/ftp/gdrs_temp/update\us_mn_state_sos\bdry_electionresults_2012_2020\fgdb\General-Election-Results-2012-2020.gdb\general_election_results_by_precinct_2014,SWCDIST_N,-1,-1;WARD "WARD" true true false 4 Text 0 0 ,First,#,/var/ftp/gdrs_temp/update\us_mn_state_sos\bdry_electionresults_2012_2020\fgdb\General-Election-Results-2012-2020.gdb\general_election_results_by_precinct_2014,WARD,-1,-1;HOSPDIST "HOSPDIST" true true false 4 Text 0 0 ,First,#,/var/ftp/gdrs_temp/update\us_mn_state_sos\bdry_electionresults_2012_2020\fgdb\General-Election-Results-2012-2020.gdb\general_election_results_by_precinct_2014,HOSPDIST,-1,-1;HOSPDIST_N "HOSPDIST_N" true true false 29 Text 0 0 ,First,#,/var/ftp/gdrs_temp/update\us_mn_state_sos\bdry_electionresults_2012_2020\fgdb\General-Election-Results-2012-2020.gdb\general_election_results_by_precinct_2014,HOSPDIST_N,-1,-1;PARKDIST "PARKDIST" true true false 1 Text 0 0 ,First,#,/var/ftp/gdrs_temp/update\us_mn_state_sos\bdry_electionresults_2012_2020\fgdb\General-Election-Results-2012-2020.gdb\general_election_results_by_precinct_2014,PARKDIST,-1,-1;PARKDIST_N "PARKDIST_N" true true false 37 Text 0 0 ,First,#,/var/ftp/gdrs_temp/update\us_mn_state_sos\bdry_electionresults_2012_2020\fgdb\General-Election-Results-2012-2020.gdb\general_election_results_by_precinct_2014,PARKDIST_N,-1,-1;TABSYSTEM "TABSYSTEM" true true false 18 Text 0 0 ,First,#,/var/ftp/gdrs_temp/update\us_mn_state_sos\bdry_electionresults_2012_2020\fgdb\General-Election-Results-2012-2020.gdb\general_election_results_by_precinct_2014,TABSYSTEM,-1,-1;TABMODEL "TABMODEL" true true false 21 Text 0 0 ,First,#,/var/ftp/gdrs_temp/update\us_mn_state_sos\bdry_electionresults_2012_2020\fgdb\General-Election-Results-2012-2020.gdb\general_election_results_by_precinct_2014,TABMODEL,-1,-1;MAILBALLOT "MAILBALLOT" true true false 3 Text 0 0 ,First,#,/var/ftp/gdrs_temp/update\us_mn_state_sos\bdry_electionresults_2012_2020\fgdb\General-Election-Results-2012-2020.gdb\general_election_results_by_precinct_2014,MAILBALLOT,-1,-1;REG7AM "REG7AM" true true false 2 Short 0 0 ,First,#,/var/ftp/gdrs_temp/update\us_mn_state_sos\bdry_electionresults_2012_2020\fgdb\General-Election-Results-2012-2020.gdb\general_election_results_by_precinct_2014,REG7AM,-1,-1;SIGNATURES "SIGNATURES" true true false 2 Short 0 0 ,First,#,/var/ftp/gdrs_temp/update\us_mn_state_sos\bdry_electionresults_2012_2020\fgdb\General-Election-Results-2012-2020.gdb\general_election_results_by_precinct_2014,SIGNATURES,-1,-1;EDR "EDR" true true false 2 Short 0 0 ,First,#,/var/ftp/gdrs_temp/update\us_mn_state_sos\bdry_electionresults_2012_2020\fgdb\General-Election-Results-2012-2020.gdb\general_election_results_by_precinct_2014,EDR,-1,-1;AB_MB "AB_MB" true true false 2 Short 0 0 ,First,#,/var/ftp/gdrs_temp/update\us_mn_state_sos\bdry_electionresults_2012_2020\fgdb\General-Election-Results-2012-2020.gdb\general_election_results_by_precinct_2014,AB_MB,-1,-1;FEDONLYAB "FEDONLYAB" true true false 2 Short 0 0 ,First,#,/var/ftp/gdrs_temp/update\us_mn_state_sos\bdry_electionresults_2012_2020\fgdb\General-Election-Results-2012-2020.gdb\general_election_results_by_precinct_2014,FEDONLYAB,-1,-1;TOTVOTING "TOTVOTING" true true false 2 Short 0 0 ,First,#,/var/ftp/gdrs_temp/update\us_mn_state_sos\bdry_electionresults_2012_2020\fgdb\General-Election-Results-2012-2020.gdb\general_election_results_by_precinct_2014,TOTVOTING,-1,-1;USSENIP "USSENIP" true true false 2 Short 0 0 ,First,#,/var/ftp/gdrs_temp/update\us_mn_state_sos\bdry_electionresults_2012_2020\fgdb\General-Election-Results-2012-2020.gdb\general_election_results_by_precinct_2014,USSENIP,-1,-1;USSENR "USSENR" true true false 2 Short 0 0 ,First,#,/var/ftp/gdrs_temp/update\us_mn_state_sos\bdry_electionresults_2012_2020\fgdb\General-Election-Results-2012-2020.gdb\general_election_results_by_precinct_2014,USSENR,-1,-1;USSENDFL "USSENDFL" true true false 2 Short 0 0 ,First,#,/var/ftp/gdrs_temp/update\us_mn_state_sos\bdry_electionresults_2012_2020\fgdb\General-Election-Results-2012-2020.gdb\general_election_results_by_precinct_2014,USSENDFL,-1,-1;USSENLIB "USSENLIB" true true false 2 Short 0 0 ,First,#,/var/ftp/gdrs_temp/update\us_mn_state_sos\bdry_electionresults_2012_2020\fgdb\General-Election-Results-2012-2020.gdb\general_election_results_by_precinct_2014,USSENLIB,-1,-1;USSENWI "USSENWI" true true false 2 Short 0 0 ,First,#,/var/ftp/gdrs_temp/update\us_mn_state_sos\bdry_electionresults_2012_2020\fgdb\General-Election-Results-2012-2020.gdb\general_election_results_by_precinct_2014,USSENWI,-1,-1;USSENTOTAL "USSENTOTAL" true true false 2 Short 0 0 ,First,#,/var/ftp/gdrs_temp/update\us_mn_state_sos\bdry_electionresults_2012_2020\fgdb\General-Election-Results-2012-2020.gdb\general_election_results_by_precinct_2014,USSENTOTAL,-1,-1;USREPIP "USREPIP" true true false 2 Short 0 0 ,First,#,/var/ftp/gdrs_temp/update\us_mn_state_sos\bdry_electionresults_2012_2020\fgdb\General-Election-Results-2012-2020.gdb\general_election_results_by_precinct_2014,USREPIP,-1,-1;USREPR "USREPR" true true false 2 Short 0 0 ,First,#,/var/ftp/gdrs_temp/update\us_mn_state_sos\bdry_electionresults_2012_2020\fgdb\General-Election-Results-2012-2020.gdb\general_election_results_by_precinct_2014,USREPR,-1,-1;USREPDFL "USREPDFL" true true false 2 Short 0 0 ,First,#,/var/ftp/gdrs_temp/update\us_mn_state_sos\bdry_electionresults_2012_2020\fgdb\General-Election-Results-2012-2020.gdb\general_election_results_by_precinct_2014,USREPDFL,-1,-1;USREPWI "USREPWI" true true false 2 Short 0 0 ,First,#,/var/ftp/gdrs_temp/update\us_mn_state_sos\bdry_electionresults_2012_2020\fgdb\General-Election-Results-2012-2020.gdb\general_election_results_by_precinct_2014,USREPWI,-1,-1;USREPTOTAL "USREPTOTAL" true true false 2 Short 0 0 ,First,#,/var/ftp/gdrs_temp/update\us_mn_state_sos\bdry_electionresults_2012_2020\fgdb\General-Election-Results-2012-2020.gdb\general_election_results_by_precinct_2014,USREPTOTAL,-1,-1;MNLEGIP "MNLEGIP" true true false 2 Short 0 0 ,First,#,/var/ftp/gdrs_temp/update\us_mn_state_sos\bdry_electionresults_2012_2020\fgdb\General-Election-Results-2012-2020.gdb\general_election_results_by_precinct_2014,MNLEGIP,-1,-1;MNLEGR "MNLEGR" true true false 2 Short 0 0 ,First,#,/var/ftp/gdrs_temp/update\us_mn_state_sos\bdry_electionresults_2012_2020\fgdb\General-Election-Results-2012-2020.gdb\general_election_results_by_precinct_2014,MNLEGR,-1,-1;MNLEGDFL "MNLEGDFL" true true false 2 Short 0 0 ,First,#,/var/ftp/gdrs_temp/update\us_mn_state_sos\bdry_electionresults_2012_2020\fgdb\General-Election-Results-2012-2020.gdb\general_election_results_by_precinct_2014,MNLEGDFL,-1,-1;MNLEGWI "MNLEGWI" true true false 2 Short 0 0 ,First,#,/var/ftp/gdrs_temp/update\us_mn_state_sos\bdry_electionresults_2012_2020\fgdb\General-Election-Results-2012-2020.gdb\general_election_results_by_precinct_2014,MNLEGWI,-1,-1;MNLEGTOTAL "MNLEGTOTAL" true true false 2 Short 0 0 ,First,#,/var/ftp/gdrs_temp/update\us_mn_state_sos\bdry_electionresults_2012_2020\fgdb\General-Election-Results-2012-2020.gdb\general_election_results_by_precinct_2014,MNLEGTOTAL,-1,-1;MNGOVIP "MNGOVIP" true true false 2 Short 0 0 ,First,#,/var/ftp/gdrs_temp/update\us_mn_state_sos\bdry_electionresults_2012_2020\fgdb\General-Election-Results-2012-2020.gdb\general_election_results_by_precinct_2014,MNGOVIP,-1,-1;MNGOVR "MNGOVR" true true false 2 Short 0 0 ,First,#,/var/ftp/gdrs_temp/update\us_mn_state_sos\bdry_electionresults_2012_2020\fgdb\General-Election-Results-2012-2020.gdb\general_election_results_by_precinct_2014,MNGOVR,-1,-1;MNGOVDFL "MNGOVDFL" true true false 2 Short 0 0 ,First,#,/var/ftp/gdrs_temp/update\us_mn_state_sos\bdry_electionresults_2012_2020\fgdb\General-Election-Results-2012-2020.gdb\general_election_results_by_precinct_2014,MNGOVDFL,-1,-1;MNGOVLIB "MNGOVLIB" true true false 2 Short 0 0 ,First,#,/var/ftp/gdrs_temp/update\us_mn_state_sos\bdry_electionresults_2012_2020\fgdb\General-Election-Results-2012-2020.gdb\general_election_results_by_precinct_2014,MNGOVLIB,-1,-1;MNGOVGLC "MNGOVGLC" true true false 2 Short 0 0 ,First,#,/var/ftp/gdrs_temp/update\us_mn_state_sos\bdry_electionresults_2012_2020\fgdb\General-Election-Results-2012-2020.gdb\general_election_results_by_precinct_2014,MNGOVGLC,-1,-1;MNGOVWI "MNGOVWI" true true false 2 Short 0 0 ,First,#,/var/ftp/gdrs_temp/update\us_mn_state_sos\bdry_electionresults_2012_2020\fgdb\General-Election-Results-2012-2020.gdb\general_election_results_by_precinct_2014,MNGOVWI,-1,-1;MNGOVTOTAL "MNGOVTOTAL" true true false 2 Short 0 0 ,First,#,/var/ftp/gdrs_temp/update\us_mn_state_sos\bdry_electionresults_2012_2020\fgdb\General-Election-Results-2012-2020.gdb\general_election_results_by_precinct_2014,MNGOVTOTAL,-1,-1;MNSOSIP "MNSOSIP" true true false 2 Short 0 0 ,First,#,/var/ftp/gdrs_temp/update\us_mn_state_sos\bdry_electionresults_2012_2020\fgdb\General-Election-Results-2012-2020.gdb\general_election_results_by_precinct_2014,MNSOSIP,-1,-1;MNSOSR "MNSOSR" true true false 2 Short 0 0 ,First,#,/var/ftp/gdrs_temp/update\us_mn_state_sos\bdry_electionresults_2012_2020\fgdb\General-Election-Results-2012-2020.gdb\general_election_results_by_precinct_2014,MNSOSR,-1,-1;MNSOSDFL "MNSOSDFL" true true false 2 Short 0 0 ,First,#,/var/ftp/gdrs_temp/update\us_mn_state_sos\bdry_electionresults_2012_2020\fgdb\General-Election-Results-2012-2020.gdb\general_election_results_by_precinct_2014,MNSOSDFL,-1,-1;MNSOSLIB "MNSOSLIB" true true false 2 Short 0 0 ,First,#,/var/ftp/gdrs_temp/update\us_mn_state_sos\bdry_electionresults_2012_2020\fgdb\General-Election-Results-2012-2020.gdb\general_election_results_by_precinct_2014,MNSOSLIB,-1,-1;MNSOSWI "MNSOSWI" true true false 2 Short 0 0 ,First,#,/var/ftp/gdrs_temp/update\us_mn_state_sos\bdry_electionresults_2012_2020\fgdb\General-Election-Results-2012-2020.gdb\general_election_results_by_precinct_2014,MNSOSWI,-1,-1;MNSOSTOTAL "MNSOSTOTAL" true true false 2 Short 0 0 ,First,#,/var/ftp/gdrs_temp/update\us_mn_state_sos\bdry_electionresults_2012_2020\fgdb\General-Election-Results-2012-2020.gdb\general_election_results_by_precinct_2014,MNSOSTOTAL,-1,-1;MNAUDIP "MNAUDIP" true true false 2 Short 0 0 ,First,#,/var/ftp/gdrs_temp/update\us_mn_state_sos\bdry_electionresults_2012_2020\fgdb\General-Election-Results-2012-2020.gdb\general_election_results_by_precinct_2014,MNAUDIP,-1,-1;MNAUDR "MNAUDR" true true false 2 Short 0 0 ,First,#,/var/ftp/gdrs_temp/update\us_mn_state_sos\bdry_electionresults_2012_2020\fgdb\General-Election-Results-2012-2020.gdb\general_election_results_by_precinct_2014,MNAUDR,-1,-1;MNAUDDFL "MNAUDDFL" true true false 2 Short 0 0 ,First,#,/var/ftp/gdrs_temp/update\us_mn_state_sos\bdry_electionresults_2012_2020\fgdb\General-Election-Results-2012-2020.gdb\general_election_results_by_precinct_2014,MNAUDDFL,-1,-1;MNAUDLIB "MNAUDLIB" true true false 2 Short 0 0 ,First,#,/var/ftp/gdrs_temp/update\us_mn_state_sos\bdry_electionresults_2012_2020\fgdb\General-Election-Results-2012-2020.gdb\general_election_results_by_precinct_2014,MNAUDLIB,-1,-1;MNAUDGLC "MNAUDGLC" true true false 2 Short 0 0 ,First,#,/var/ftp/gdrs_temp/update\us_mn_state_sos\bdry_electionresults_2012_2020\fgdb\General-Election-Results-2012-2020.gdb\general_election_results_by_precinct_2014,MNAUDGLC,-1,-1;MNAUDWI "MNAUDWI" true true false 2 Short 0 0 ,First,#,/var/ftp/gdrs_temp/update\us_mn_state_sos\bdry_electionresults_2012_2020\fgdb\General-Election-Results-2012-2020.gdb\general_election_results_by_precinct_2014,MNAUDWI,-1,-1;MNAUDTOTAL "MNAUDTOTAL" true true false 2 Short 0 0 ,First,#,/var/ftp/gdrs_temp/update\us_mn_state_sos\bdry_electionresults_2012_2020\fgdb\General-Election-Results-2012-2020.gdb\general_election_results_by_precinct_2014,MNAUDTOTAL,-1,-1;MNAGIP "MNAGIP" true true false 2 Short 0 0 ,First,#,/var/ftp/gdrs_temp/update\us_mn_state_sos\bdry_electionresults_2012_2020\fgdb\General-Election-Results-2012-2020.gdb\general_election_results_by_precinct_2014,MNAGIP,-1,-1;MNAGR "MNAGR" true true false 2 Short 0 0 ,First,#,/var/ftp/gdrs_temp/update\us_mn_state_sos\bdry_electionresults_2012_2020\fgdb\General-Election-Results-2012-2020.gdb\general_election_results_by_precinct_2014,MNAGR,-1,-1;MNAGDFL "MNAGDFL" true true false 2 Short 0 0 ,First,#,/var/ftp/gdrs_temp/update\us_mn_state_sos\bdry_electionresults_2012_2020\fgdb\General-Election-Results-2012-2020.gdb\general_election_results_by_precinct_2014,MNAGDFL,-1,-1;MNAGGP "MNAGGP" true true false 2 Short 0 0 ,First,#,/var/ftp/gdrs_temp/update\us_mn_state_sos\bdry_electionresults_2012_2020\fgdb\General-Election-Results-2012-2020.gdb\general_election_results_by_precinct_2014,MNAGGP,-1,-1;MNAGLIB "MNAGLIB" true true false 2 Short 0 0 ,First,#,/var/ftp/gdrs_temp/update\us_mn_state_sos\bdry_electionresults_2012_2020\fgdb\General-Election-Results-2012-2020.gdb\general_election_results_by_precinct_2014,MNAGLIB,-1,-1;MNAGLMN "MNAGLMN" true true false 2 Short 0 0 ,First,#,/var/ftp/gdrs_temp/update\us_mn_state_sos\bdry_electionresults_2012_2020\fgdb\General-Election-Results-2012-2020.gdb\general_election_results_by_precinct_2014,MNAGLMN,-1,-1;MNAGWI "MNAGWI" true true false 2 Short 0 0 ,First,#,/var/ftp/gdrs_temp/update\us_mn_state_sos\bdry_electionresults_2012_2020\fgdb\General-Election-Results-2012-2020.gdb\general_election_results_by_precinct_2014,MNAGWI,-1,-1;MNAGTOTAL "MNAGTOTAL" true true false 2 Short 0 0 ,First,#,/var/ftp/gdrs_temp/update\us_mn_state_sos\bdry_electionresults_2012_2020\fgdb\General-Election-Results-2012-2020.gdb\general_election_results_by_precinct_2014,MNAGTOTAL,-1,-1;Shape_Leng "Shape_Leng" false true true 8 Double 0 0 ,First,#,/var/ftp/gdrs_temp/update\us_mn_state_sos\bdry_electionresults_2012_2020\fgdb\General-Election-Results-2012-2020.gdb\general_election_results_by_precinct_2014,Shape_Length,-1,-1;Shape_Area "Shape_Area" false true true 8 Double 0 0 ,First,#,/var/ftp/gdrs_temp/update\us_mn_state_sos\bdry_electionresults_2012_2020\fgdb\General-Election-Results-2012-2020.gdb\general_election_results_by_precinct_2014,Shape_Area,-1,-1" #</Process>
			</lineage>
		</DataProperties>
		<SyncDate>20170901</SyncDate>
		<SyncTime>23390600</SyncTime>
		<ModDate>20170901</ModDate>
		<ModTime>23390600</ModTime>
		<scaleRange>
			<minScale>150000000</minScale>
			<maxScale>5000</maxScale>
		</scaleRange>
		<ArcGISProfile>FGDC</ArcGISProfile>
	</Esri>
	<mdLang>
		<languageCode value="eng"/>
		<countryCode value="US" Sync="TRUE"/>
	</mdLang>
	<mdChar>
		<CharSetCd value="004"/>
	</mdChar>
	<mdHrLv>
		<ScopeCd value="005"/>
	</mdHrLv>
	<mdContact xmlns="">
		<rpIndName>Brad Neuhauser</rpIndName>
		<rpOrgName>Office of the Minnesota Secretary of State, Elections Division</rpOrgName>
		<rpPosName>GIS Specialist</rpPosName>
		<rpCntInfo>
			<cntPhone>
				<voiceNum>651-556-0648</voiceNum>
				<faxNum>651-296-9073</faxNum>
			</cntPhone>
			<cntAddress addressType="both">
				<delPoint>100 Rev. Dr. Martin Luther King, Jr. Blvd.</delPoint>
				<delPoint>Room 180, State Office Building</delPoint>
				<city>Saint Paul</city>
				<adminArea>MN</adminArea>
				<postCode>55155</postCode>
				<country>US</country>
				<eMailAdd>brad.neuhauser@state.mn.us</eMailAdd>
			</cntAddress>
		</rpCntInfo>
		<role>
			<RoleCd value="007"/>
		</role>
	</mdContact>
	<mdDateSt>20121022</mdDateSt>
	<mdStanName>ArcGIS Metadata</mdStanName>
	<mdStanVer>1.0</mdStanVer>
	<dataIdInfo>
		<idCitation xmlns="">
			<resTitle>2014 General Election Results</resTitle>
			<presForm xmlns="">
				<PresFormCd value="005"/>
			</presForm>
			<presForm xmlns="">
				<fgdcGeoform>vector digital data</fgdcGeoform>
			</presForm>
			<date>
				<pubDate>2014-12-19T00:00:00</pubDate>
			</date>
			<citRespParty xmlns="">
				<rpIndName>Brad Neuhauser</rpIndName>
				<rpOrgName>Office of the Minnesota Secretary of State, Elections Division</rpOrgName>
				<rpPosName>GIS Specialist</rpPosName>
				<rpCntInfo xmlns="">
					<cntPhone>
						<voiceNum tddtty="">651-556-0648</voiceNum>
						<faxNum>651-296-9073</faxNum>
					</cntPhone>
					<cntAddress addressType="both">
						<delPoint>100 Rev. Dr. Martin Luther King, Jr. Blvd.</delPoint>
						<delPoint>Room 180, State Office Building</delPoint>
						<city>Saint Paul</city>
						<adminArea>MN</adminArea>
						<postCode>55155</postCode>
						<country>US</country>
						<eMailAdd>brad.neuhauser@state.mn.us</eMailAdd>
					</cntAddress>
				</rpCntInfo>
				<role>
					<RoleCd value="006"/>
				</role>
				<displayName>Brad Neuhauser</displayName>
			</citRespParty>
		</idCitation>
		<idAbs>&lt;DIV STYLE="text-align:Left;"&gt;&lt;DIV&gt;&lt;DIV&gt;&lt;P&gt;&lt;SPAN&gt;Minnesota voting precincts used in the 2014 State General election, including for each precinct: election district attributes, voting statistics, and results for all federal offices, state executive and legislative offices on the ballot&lt;/SPAN&gt;&lt;/P&gt;&lt;/DIV&gt;&lt;/DIV&gt;&lt;/DIV&gt;</idAbs>
		<idPurp>2014 General Election results for the State of Minnesota, for federal and non-judicial state races, by voting precinct</idPurp>
		<idCredit>Office of the Minnesota Secretary of State, Minnesota Geospatial Information Office (MnGeo)</idCredit>
		<idPoC xmlns="">
			<rpIndName>Brad Neuhauser</rpIndName>
			<rpOrgName>Office of the Minnesota Secretary of State, Elections Division</rpOrgName>
			<rpPosName>GIS Specialist</rpPosName>
			<rpCntInfo xmlns="">
				<cntPhone>
					<voiceNum tddtty="">651-556-0648</voiceNum>
					<faxNum>651-296-9073</faxNum>
				</cntPhone>
				<cntAddress addressType="both">
					<delPoint>Room 180, State Office Building</delPoint>
					<delPoint>100 Rev. Dr. Martin Luther King Jr. Blvd.</delPoint>
					<city>Saint Paul</city>
					<adminArea>MN</adminArea>
					<postCode>55155</postCode>
					<country>US</country>
					<eMailAdd>brad.neuhauser@state.mn.us</eMailAdd>
				</cntAddress>
			</rpCntInfo>
			<role>
				<RoleCd value="007"/>
			</role>
		</idPoC>
		<resMaint xmlns="">
			<maintFreq>
				<MaintFreqCd value="011"/>
			</maintFreq>
		</resMaint>
		<placeKeys xmlns="">
			<keyword>Minnesota, USA</keyword>
		</placeKeys>
		<tempKeys xmlns="">
			<keyword>2014, general election, November 4 2014</keyword>
		</tempKeys>
		<themeKeys xmlns="">
			<thesaName xmlns="">
				<resTitle>ISO 19115 Topic Categories</resTitle>
			</thesaName>
			<keyword>boundaries</keyword>
		</themeKeys>
		<themeKeys xmlns="">
			<keyword>voting district, voting precinct, precinct, election district, VTD</keyword>
		</themeKeys>
		<searchKeys>
			<keyword>voting district</keyword>
			<keyword>voting precinct</keyword>
			<keyword>precinct</keyword>
			<keyword>election district</keyword>
			<keyword>VTD</keyword>
			<keyword>Minnesota</keyword>
			<keyword>USA</keyword>
			<keyword>2014</keyword>
			<keyword>boundaries</keyword>
			<keyword>election</keyword>
			<keyword>results</keyword>
		</searchKeys>
		<resConst>
			<Consts xmlns="">
				<useLimit>&lt;DIV STYLE="text-align:Left;"&gt;&lt;DIV&gt;&lt;DIV&gt;&lt;P&gt;&lt;SPAN&gt;Election results are those certified by the State Canvassing Board. Election statistics are those certified by County Canvassing Boards and reported to the Office of the Secretary of State. Office of the Minnesota Secretary of State maintains this boundary data as accurately as possible, but cannot assure 100% accuracy. For definitive precinct lines, please contact the jurisdiction (city, township, or county for unorganized territory) in question. To check precinct and districts or find polling place for an address, use the Secretary of State's Polling Place Finder: http://pollfinder.sos.state.mn.us. Municipal boundaries derived from 6/19/2012 CTU Boundaries dataset from MnGeo and U.S. Census redistricting data. Precinct boundaries created and updated using reference from NCompass, Mn/DOT, and TIGER road data, MN DNR lake and stream data, MN DNR PLSS QQ data, imagery served by MnGeo, and select data from OpenStreetMap. Includes election district boundary adjustments made under MS 2.91, subd. 2 and MS 204B.146, subd. 3. Updated for boundary adjustments (annexation, detachment, incorporation, dissolution) approved by Municipal Boundary Adjustment Unit of the Office of Administrative Hearings, including those prior to October 14, 2014.&lt;/SPAN&gt;&lt;/P&gt;&lt;/DIV&gt;&lt;/DIV&gt;&lt;/DIV&gt;</useLimit>
			</Consts>
		</resConst>
		<spatRpType>
			<SpatRepTypCd value="001"/>
		</spatRpType>
		<dataLang>
			<languageCode value="eng"/>
			<countryCode value="US" Sync="TRUE"/>
		</dataLang>
		<envirDesc>Microsoft Windows 7 Version 6.1 (Build 7601) Service Pack 1; ESRI ArcGIS 10.0.3.3600</envirDesc>
		<dataExt xmlns="">
			<geoEle xmlns="">
				<GeoBndBox>
					<westBL>-97.269828</westBL>
					<eastBL>-89.398161</eastBL>
					<southBL>43.435244</southBL>
					<northBL>49.404414</northBL>
				</GeoBndBox>
			</geoEle>
			<exDesc>Election took place on November 4, 2014, and State Canvassing Board met on November 25, 2014</exDesc>
			<tempEle>
				<TempExtent>
					<exTemp>
						<TM_Period xmlns="">
							<tmBegin>2014-11-04T00:00:00</tmBegin>
							<tmEnd>2014-11-25T00:00:00</tmEnd>
						</TM_Period>
					</exTemp>
				</TempExtent>
			</tempEle>
		</dataExt>
		<dataExt xmlns="">
			<geoEle xmlns="">
				<GeoBndBox esriExtentType="search">
					<exTypeCode Sync="TRUE">1</exTypeCode>
					<westBL Sync="TRUE">-97.269689</westBL>
					<eastBL Sync="TRUE">-89.397194</eastBL>
					<northBL Sync="TRUE">49.403805</northBL>
					<southBL Sync="TRUE">43.435423</southBL>
				</GeoBndBox>
			</geoEle>
		</dataExt>
		<dataChar>
			<CharSetCd value="004"/>
		</dataChar>
		<idStatus>
			<ProgCd value="001"/>
		</idStatus>
		<tpCat>
			<TopicCatCd value="003"/>
		</tpCat>
	</dataIdInfo>
	<spatRepInfo>
		<VectSpatRep>
			<geometObjs Name="general_election_results_by_precinct_2014">
				<geoObjTyp>
					<GeoObjTypCd value="002" Sync="TRUE"/>
				</geoObjTyp>
				<geoObjCnt Sync="TRUE">0</geoObjCnt>
			</geometObjs>
			<topLvl>
				<TopoLevCd value="001" Sync="TRUE"/>
			</topLvl>
		</VectSpatRep>
	</spatRepInfo>
	<eainfo>
		<detailed xmlns="" Name="general_election_results_by_precinct_2014">
			<enttyp>
				<enttypl>2014generalresults</enttypl>
				<enttypt Sync="TRUE">Feature Class</enttypt>
				<enttypc Sync="TRUE">0</enttypc>
			</enttyp>
			<attr>
				<attrlabl Sync="TRUE">FID</attrlabl>
				<attalias Sync="TRUE">FID</attalias>
				<attrtype Sync="TRUE">OID</attrtype>
				<attwidth Sync="TRUE">4</attwidth>
				<atprecis Sync="TRUE">0</atprecis>
				<attscale Sync="TRUE">0</attscale>
				<attrdef Sync="TRUE">Internal feature number.</attrdef>
				<attrdefs Sync="TRUE">Esri</attrdefs>
				<attrdomv>
					<udom Sync="TRUE">Sequential unique whole numbers that are automatically generated.</udom>
				</attrdomv>
			</attr>
			<attr xmlns="">
				<attrlabl>Shape</attrlabl>
				<attrdef>Feature geometry.</attrdef>
				<attrdefs>ESRI</attrdefs>
				<attrdomv>
					<udom>Coordinates defining the features.</udom>
				</attrdomv>
				<attalias Sync="TRUE">Shape</attalias>
				<attrtype Sync="TRUE">Geometry</attrtype>
				<attwidth Sync="TRUE">0</attwidth>
				<atprecis Sync="TRUE">0</atprecis>
				<attscale Sync="TRUE">0</attscale>
			</attr>
			<attr xmlns="">
				<attrlabl Sync="TRUE">VTDID</attrlabl>
				<attalias Sync="TRUE">VTDID</attalias>
				<attrtype Sync="TRUE">String</attrtype>
				<attwidth Sync="TRUE">9</attwidth>
				<atprecis Sync="TRUE">0</atprecis>
				<attscale Sync="TRUE">0</attscale>
				<attrdef>Vote Tabulation District ID . Concatenation of State FIPS Code + County FIPS Code + Precinct Code</attrdef>
			</attr>
			<attr xmlns="">
				<attrlabl>PCTNAME</attrlabl>
				<attrdef>Name given to the precinct</attrdef>
				<attalias Sync="TRUE">PCTNAME</attalias>
				<attrtype Sync="TRUE">String</attrtype>
				<attwidth Sync="TRUE">36</attwidth>
				<atprecis Sync="TRUE">0</atprecis>
				<attscale Sync="TRUE">0</attscale>
			</attr>
			<attr xmlns="">
				<attrlabl>PCTCODE</attrlabl>
				<attrdef>Each precinct is assigned a four digit code, unique within each county</attrdef>
				<attalias Sync="TRUE">PCTCODE</attalias>
				<attrtype Sync="TRUE">String</attrtype>
				<attwidth Sync="TRUE">4</attwidth>
				<atprecis Sync="TRUE">0</atprecis>
				<attscale Sync="TRUE">0</attscale>
			</attr>
			<attr xmlns="">
				<attrlabl>SHORTLABEL</attrlabl>
				<attrdef>Shortened precinct name for labeling purposes</attrdef>
				<attalias Sync="TRUE">SHORTLABEL</attalias>
				<attrtype Sync="TRUE">String</attrtype>
				<attwidth Sync="TRUE">25</attwidth>
				<atprecis Sync="TRUE">0</atprecis>
				<attscale Sync="TRUE">0</attscale>
			</attr>
			<attr xmlns="">
				<attrlabl>MCDNAME</attrlabl>
				<attrdef>Municipality (city or town) that the precinct is in. For unorganized territories, MCD name may not match the U.S. Census name and/or boundary for an MCD.</attrdef>
				<attalias Sync="TRUE">MCDNAME</attalias>
				<attrtype Sync="TRUE">String</attrtype>
				<attwidth Sync="TRUE">31</attwidth>
				<atprecis Sync="TRUE">0</atprecis>
				<attscale Sync="TRUE">0</attscale>
			</attr>
			<attr xmlns="">
				<attrlabl Sync="TRUE">MCDCODE</attrlabl>
				<attalias Sync="TRUE">MCDCODE</attalias>
				<attrtype Sync="TRUE">String</attrtype>
				<attwidth Sync="TRUE">3</attwidth>
				<atprecis Sync="TRUE">0</atprecis>
				<attscale Sync="TRUE">0</attscale>
				<attrdef>Internal Code for MCDs</attrdef>
			</attr>
			<attr xmlns="">
				<attrlabl Sync="TRUE">MCDFIPS</attrlabl>
				<attalias Sync="TRUE">MCDFIPS</attalias>
				<attrtype Sync="TRUE">String</attrtype>
				<attwidth Sync="TRUE">5</attwidth>
				<atprecis Sync="TRUE">0</atprecis>
				<attscale Sync="TRUE">0</attscale>
				<attrdef>MCD FIPS Code</attrdef>
			</attr>
			<attr xmlns="">
				<attrlabl Sync="TRUE">MCDGNIS</attrlabl>
				<attalias Sync="TRUE">MCDGNIS</attalias>
				<attrtype Sync="TRUE">String</attrtype>
				<attwidth Sync="TRUE">8</attwidth>
				<atprecis Sync="TRUE">0</atprecis>
				<attscale Sync="TRUE">0</attscale>
				<attrdef>MCD GNIS Code</attrdef>
			</attr>
			<attr xmlns="">
				<attrlabl Sync="TRUE">CTU_TYPE</attrlabl>
				<attalias Sync="TRUE">CTU_TYPE</attalias>
				<attrtype Sync="TRUE">String</attrtype>
				<attwidth Sync="TRUE">21</attwidth>
				<atprecis Sync="TRUE">0</atprecis>
				<attscale Sync="TRUE">0</attscale>
				<attrdef>Jurisdiction type: City, Township, or Unorganized. Unorganized territories are governed by the county board.</attrdef>
			</attr>
			<attr xmlns="">
				<attrlabl>COUNTYNAME</attrlabl>
				<attalias Sync="TRUE">COUNTYNAME</attalias>
				<attrtype Sync="TRUE">String</attrtype>
				<attwidth Sync="TRUE">17</attwidth>
				<atprecis Sync="TRUE">0</atprecis>
				<attscale Sync="TRUE">0</attscale>
				<attrdef>County Name</attrdef>
			</attr>
			<attr xmlns="">
				<attrlabl>COUNTYCODE</attrlabl>
				<attrdef>Minnesota Counties, 1-87</attrdef>
				<attalias Sync="TRUE">COUNTYCODE</attalias>
				<attrtype Sync="TRUE">String</attrtype>
				<attwidth Sync="TRUE">2</attwidth>
				<atprecis Sync="TRUE">0</atprecis>
				<attscale Sync="TRUE">0</attscale>
			</attr>
			<attr xmlns="">
				<attrlabl>COUNTYFIPS</attrlabl>
				<attalias Sync="TRUE">COUNTYFIPS</attalias>
				<attrtype Sync="TRUE">String</attrtype>
				<attwidth Sync="TRUE">3</attwidth>
				<atprecis Sync="TRUE">0</atprecis>
				<attscale Sync="TRUE">0</attscale>
				<attrdef>County FIPS Code</attrdef>
			</attr>
			<attr xmlns="">
				<attrlabl>CONGDIST</attrlabl>
				<attrdef>U.S. Congressional District, 1-8</attrdef>
				<attalias Sync="TRUE">CONGDIST</attalias>
				<attrtype Sync="TRUE">String</attrtype>
				<attwidth Sync="TRUE">1</attwidth>
				<atprecis Sync="TRUE">0</atprecis>
				<attscale Sync="TRUE">0</attscale>
			</attr>
			<attr xmlns="">
				<attrlabl>MNSENDIST</attrlabl>
				<attrdef>Minnesota Senate District, 1-67</attrdef>
				<attalias Sync="TRUE">MNSENDIST</attalias>
				<attrtype Sync="TRUE">String</attrtype>
				<attwidth Sync="TRUE">2</attwidth>
				<atprecis Sync="TRUE">0</atprecis>
				<attscale Sync="TRUE">0</attscale>
			</attr>
			<attr xmlns="">
				<attrlabl>MNLEGDIST</attrlabl>
				<attrdef>Minnesota Legislative District. Two Legislative Districts nest within each Minnesota Senate District. For example, Legislative Districts 1A and 1B together compose Senate District 1. There are 67 Senate Districts and 134 Legislative Districts</attrdef>
				<attalias Sync="TRUE">MNLEGDIST</attalias>
				<attrtype Sync="TRUE">String</attrtype>
				<attwidth Sync="TRUE">3</attwidth>
				<atprecis Sync="TRUE">0</atprecis>
				<attscale Sync="TRUE">0</attscale>
			</attr>
			<attr xmlns="">
				<attrlabl>CTYCOMDIST</attrlabl>
				<attrdef>County Commissioner District. Most counties have 5. Anoka, Dakota, Hennepin, Olmsted, Ramsey, and St. Louis have 7.</attrdef>
				<attalias Sync="TRUE">CTYCOMDIST</attalias>
				<attrtype Sync="TRUE">String</attrtype>
				<attwidth Sync="TRUE">1</attwidth>
				<atprecis Sync="TRUE">0</atprecis>
				<attscale Sync="TRUE">0</attscale>
			</attr>
			<attr xmlns="">
				<attrlabl>JUDDIST</attrlabl>
				<attrdef>Judicial Districts, 1-10. Are divided on a county-wide basis.</attrdef>
				<attalias Sync="TRUE">JUDDIST</attalias>
				<attrtype Sync="TRUE">String</attrtype>
				<attwidth Sync="TRUE">2</attwidth>
				<atprecis Sync="TRUE">0</atprecis>
				<attscale Sync="TRUE">0</attscale>
			</attr>
			<attr xmlns="">
				<attrlabl>SWCDIST</attrlabl>
				<attrdef>Soil and Water Conservation Districts. In most counties one SWCD covers the whole county. Otter Tail, Polk and St. Louis counties have two SWCD each. Washington County is the only county where SWCD supervisors are elected by district, not county-wide.</attrdef>
				<attalias Sync="TRUE">SWCDIST</attalias>
				<attrtype Sync="TRUE">String</attrtype>
				<attwidth Sync="TRUE">4</attwidth>
				<atprecis Sync="TRUE">0</atprecis>
				<attscale Sync="TRUE">0</attscale>
			</attr>
			<attr xmlns="">
				<attrlabl Sync="TRUE">SWCDIST_N</attrlabl>
				<attalias Sync="TRUE">SWCDIST_N</attalias>
				<attrtype Sync="TRUE">String</attrtype>
				<attwidth Sync="TRUE">21</attwidth>
				<atprecis Sync="TRUE">0</atprecis>
				<attscale Sync="TRUE">0</attscale>
				<attrdef>Soil &amp; Water Conservation District Name</attrdef>
			</attr>
			<attr xmlns="">
				<attrlabl>WARD</attrlabl>
				<attrdef>City Ward (if applicable)</attrdef>
				<attalias Sync="TRUE">WARD</attalias>
				<attrtype Sync="TRUE">String</attrtype>
				<attwidth Sync="TRUE">4</attwidth>
				<atprecis Sync="TRUE">0</atprecis>
				<attscale Sync="TRUE">0</attscale>
			</attr>
			<attr xmlns="">
				<attrlabl>HOSPDIST</attrlabl>
				<attrdef>Hospital Districts 310 - Canby Community 320 - Cannon Falls 340 - Cook County 350 - Cuyuna Range 360 - Cook-Orr 410 - Dawson Area 710 - Glacial Ridge 720 - Staples Area 1320 - Milaca Area 1330 - Monticello-Big Lake Community 1340 - Moose Lake Community 1410 - North Pine Area 1420 - North Suburban 1430 - Northern Itasca 1620 - Paynesville Area 1630 - Pelican Valley 1640 - Perham 2110 - United</attrdef>
				<attalias Sync="TRUE">HOSPDIST</attalias>
				<attrtype Sync="TRUE">String</attrtype>
				<attwidth Sync="TRUE">4</attwidth>
				<atprecis Sync="TRUE">0</atprecis>
				<attscale Sync="TRUE">0</attscale>
			</attr>
			<attr xmlns="">
				<attrlabl Sync="TRUE">HOSPDIST_N</attrlabl>
				<attalias Sync="TRUE">HOSPDIST_N</attalias>
				<attrtype Sync="TRUE">String</attrtype>
				<attwidth Sync="TRUE">29</attwidth>
				<atprecis Sync="TRUE">0</atprecis>
				<attscale Sync="TRUE">0</attscale>
				<attrdef>Hospital District Name</attrdef>
			</attr>
			<attr xmlns="">
				<attrlabl>PARKDIST</attrlabl>
				<attrdef>Park District, There are only two: Minneapolis and Three Rivers (Hennepin County outside of Minneapolis)</attrdef>
				<attalias Sync="TRUE">PARKDIST</attalias>
				<attrtype Sync="TRUE">String</attrtype>
				<attwidth Sync="TRUE">1</attwidth>
				<atprecis Sync="TRUE">0</atprecis>
				<attscale Sync="TRUE">0</attscale>
			</attr>
			<attr xmlns="">
				<attrlabl Sync="TRUE">PARKDIST_N</attrlabl>
				<attalias Sync="TRUE">PARKDIST_N</attalias>
				<attrtype Sync="TRUE">String</attrtype>
				<attwidth Sync="TRUE">37</attwidth>
				<atprecis Sync="TRUE">0</atprecis>
				<attscale Sync="TRUE">0</attscale>
				<attrdef>Park District Name</attrdef>
			</attr>
			<attr xmlns="">
				<attrlabl Sync="TRUE">Shape_Area</attrlabl>
				<attalias Sync="TRUE">Shape_Area</attalias>
				<attrtype Sync="TRUE">Double</attrtype>
				<attwidth Sync="TRUE">19</attwidth>
				<atprecis Sync="TRUE">0</atprecis>
				<attscale Sync="TRUE">0</attscale>
				<attrdef Sync="TRUE">Area of feature in internal units squared.</attrdef>
				<attrdefs Sync="TRUE">Esri</attrdefs>
				<attrdomv>
					<udom Sync="TRUE">Positive real numbers that are automatically generated.</udom>
				</attrdomv>
			</attr>
			<attr xmlns="">
				<attrlabl>TABSYSTEM</attrlabl>
				<attrdef>Vote Tabulation System used for the Precinct</attrdef>
				<attalias Sync="TRUE">TABSYSTEM</attalias>
				<attrtype Sync="TRUE">String</attrtype>
				<attwidth Sync="TRUE">18</attwidth>
				<atprecis Sync="TRUE">0</atprecis>
				<attscale Sync="TRUE">0</attscale>
			</attr>
			<attr xmlns="">
				<attrlabl>TABMODEL</attrlabl>
				<attrdef>Vote Tabulation Equipment used for the Precinct</attrdef>
				<attalias Sync="TRUE">TABMODEL</attalias>
				<attrtype Sync="TRUE">String</attrtype>
				<attwidth Sync="TRUE">21</attwidth>
				<atprecis Sync="TRUE">0</atprecis>
				<attscale Sync="TRUE">0</attscale>
			</attr>
			<attr xmlns="">
				<attrlabl>MAILBALLOT</attrlabl>
				<attrdef>Precincts using mail balloting</attrdef>
				<attalias Sync="TRUE">MAILBALLOT</attalias>
				<attrtype Sync="TRUE">String</attrtype>
				<attwidth Sync="TRUE">3</attwidth>
				<atprecis Sync="TRUE">0</atprecis>
				<attscale Sync="TRUE">0</attscale>
			</attr>
			<attr xmlns="">
				<attrlabl>REG7AM</attrlabl>
				<attrdef>Number of voters registered in precinct as of 7AM on election day (pre-registered voters)</attrdef>
				<attalias Sync="TRUE">REG7AM</attalias>
				<attrtype Sync="TRUE">Integer</attrtype>
				<attwidth Sync="TRUE">5</attwidth>
				<atprecis Sync="TRUE">5</atprecis>
				<attscale Sync="TRUE">0</attscale>
			</attr>
			<attr xmlns="">
				<attrlabl>SIGNATURES</attrlabl>
				<attrdef>Number of people voting at the polling place in person (signatures on roster), or voting via mail ballot in those precincts</attrdef>
				<attalias Sync="TRUE">SIGNATURES</attalias>
				<attrtype Sync="TRUE">Integer</attrtype>
				<attwidth Sync="TRUE">5</attwidth>
				<atprecis Sync="TRUE">5</atprecis>
				<attscale Sync="TRUE">0</attscale>
			</attr>
			<attr xmlns="">
				<attrlabl>EDR</attrlabl>
				<attrdef>Number of voters registering when voting, usually in the polling place on election day</attrdef>
				<attalias Sync="TRUE">EDR</attalias>
				<attrtype Sync="TRUE">Integer</attrtype>
				<attwidth Sync="TRUE">5</attwidth>
				<atprecis Sync="TRUE">5</atprecis>
				<attscale Sync="TRUE">0</attscale>
			</attr>
			<attr xmlns="">
				<attrlabl Sync="TRUE">AB_MB</attrlabl>
				<attalias Sync="TRUE">AB_MB</attalias>
				<attrtype Sync="TRUE">Integer</attrtype>
				<attwidth Sync="TRUE">5</attwidth>
				<atprecis Sync="TRUE">5</atprecis>
				<attscale Sync="TRUE">0</attscale>
				<attrdef>Regular, and Uniformed and Overseas Citizens absentee ballots accepted plus mail ballots accepted</attrdef>
			</attr>
			<attr xmlns="">
				<attrlabl>FEDONLYAB</attrlabl>
				<attrdef>Absentee ballots with federal offices only accepted (by citizens who are permanently or indefinitely overseas)</attrdef>
				<attalias Sync="TRUE">FEDONLYAB</attalias>
				<attrtype Sync="TRUE">Integer</attrtype>
				<attwidth Sync="TRUE">5</attwidth>
				<atprecis Sync="TRUE">5</atprecis>
				<attscale Sync="TRUE">0</attscale>
			</attr>
			<attr xmlns="">
				<attrlabl>TOTVOTING</attrlabl>
				<attrdef>Number of voters casting ballots</attrdef>
				<attalias Sync="TRUE">TOTVOTING</attalias>
				<attrtype Sync="TRUE">Integer</attrtype>
				<attwidth Sync="TRUE">5</attwidth>
				<atprecis Sync="TRUE">5</atprecis>
				<attscale Sync="TRUE">0</attscale>
			</attr>
			<attr xmlns="">
				<attrlabl>USSENIP</attrlabl>
				<attrdef>US Senator Independence Party candidate votes (STEVE CARLSON)</attrdef>
				<attalias Sync="TRUE">USSENIP</attalias>
				<attrtype Sync="TRUE">Integer</attrtype>
				<attwidth Sync="TRUE">5</attwidth>
				<atprecis Sync="TRUE">5</atprecis>
				<attscale Sync="TRUE">0</attscale>
			</attr>
			<attr xmlns="">
				<attrlabl>USSENR</attrlabl>
				<attrdef>US Senator Republican Party candidate votes (MIKE MCFADDEN)</attrdef>
				<attalias Sync="TRUE">USSENR</attalias>
				<attrtype Sync="TRUE">Integer</attrtype>
				<attwidth Sync="TRUE">5</attwidth>
				<atprecis Sync="TRUE">5</atprecis>
				<attscale Sync="TRUE">0</attscale>
			</attr>
			<attr xmlns="">
				<attrlabl>USSENDFL</attrlabl>
				<attrdef>US Senator Democratic-Farmer-Labor Party candidate votes (AL FRANKEN)</attrdef>
				<attalias Sync="TRUE">USSENDFL</attalias>
				<attrtype Sync="TRUE">Integer</attrtype>
				<attwidth Sync="TRUE">5</attwidth>
				<atprecis Sync="TRUE">5</atprecis>
				<attscale Sync="TRUE">0</attscale>
			</attr>
			<attr xmlns="">
				<attrlabl Sync="TRUE">USSENLIB</attrlabl>
				<attalias Sync="TRUE">USSENLIB</attalias>
				<attrtype Sync="TRUE">Integer</attrtype>
				<attwidth Sync="TRUE">5</attwidth>
				<atprecis Sync="TRUE">5</atprecis>
				<attscale Sync="TRUE">0</attscale>
				<attrdef>US Senator Libertarian Party candidate (HEATHER JOHNSON) votes</attrdef>
			</attr>
			<attr xmlns="">
				<attrlabl>USSENWI</attrlabl>
				<attrdef>US Senator Write In candidate votes--includes registered and non-registered write-ins</attrdef>
				<attalias Sync="TRUE">USSENWI</attalias>
				<attrtype Sync="TRUE">Integer</attrtype>
				<attwidth Sync="TRUE">5</attwidth>
				<atprecis Sync="TRUE">5</atprecis>
				<attscale Sync="TRUE">0</attscale>
			</attr>
			<attr xmlns="">
				<attrlabl>USSENTOTAL</attrlabl>
				<attrdef>US Senator total votes</attrdef>
				<attalias Sync="TRUE">USSENTOTAL</attalias>
				<attrtype Sync="TRUE">Integer</attrtype>
				<attwidth Sync="TRUE">5</attwidth>
				<atprecis Sync="TRUE">5</atprecis>
				<attscale Sync="TRUE">0</attscale>
			</attr>
			<attr xmlns="">
				<attrlabl>USREPIP</attrlabl>
				<attrdef>US Representative Independence Party candidate votes</attrdef>
				<attalias Sync="TRUE">USREPIP</attalias>
				<attrtype Sync="TRUE">Integer</attrtype>
				<attwidth Sync="TRUE">5</attwidth>
				<atprecis Sync="TRUE">5</atprecis>
				<attscale Sync="TRUE">0</attscale>
			</attr>
			<attr xmlns="">
				<attrlabl>USREPR</attrlabl>
				<attrdef>US Representative Republican Party candidate votes</attrdef>
				<attalias Sync="TRUE">USREPR</attalias>
				<attrtype Sync="TRUE">Integer</attrtype>
				<attwidth Sync="TRUE">5</attwidth>
				<atprecis Sync="TRUE">5</atprecis>
				<attscale Sync="TRUE">0</attscale>
			</attr>
			<attr xmlns="">
				<attrlabl>USREPDFL</attrlabl>
				<attrdef>US Representative Democratic-Farmer-Labor Party candidate votes</attrdef>
				<attalias Sync="TRUE">USREPDFL</attalias>
				<attrtype Sync="TRUE">Integer</attrtype>
				<attwidth Sync="TRUE">5</attwidth>
				<atprecis Sync="TRUE">5</atprecis>
				<attscale Sync="TRUE">0</attscale>
			</attr>
			<attr xmlns="">
				<attrlabl>USREPWI</attrlabl>
				<attrdef>US Representative Write In candidate votes--includes registered and non-registered write-ins</attrdef>
				<attalias Sync="TRUE">USREPWI</attalias>
				<attrtype Sync="TRUE">Integer</attrtype>
				<attwidth Sync="TRUE">5</attwidth>
				<atprecis Sync="TRUE">5</atprecis>
				<attscale Sync="TRUE">0</attscale>
			</attr>
			<attr xmlns="">
				<attrlabl>USREPTOTAL</attrlabl>
				<attrdef>US Representative total votes</attrdef>
				<attalias Sync="TRUE">USREPTOTAL</attalias>
				<attrtype Sync="TRUE">Integer</attrtype>
				<attwidth Sync="TRUE">5</attwidth>
				<atprecis Sync="TRUE">5</atprecis>
				<attscale Sync="TRUE">0</attscale>
			</attr>
			<attr xmlns="">
				<attrlabl>MNLEGIP</attrlabl>
				<attrdef>MN Representative Independence Party candidate votes</attrdef>
				<attalias Sync="TRUE">MNLEGIP</attalias>
				<attrtype Sync="TRUE">Integer</attrtype>
				<attwidth Sync="TRUE">5</attwidth>
				<atprecis Sync="TRUE">5</atprecis>
				<attscale Sync="TRUE">0</attscale>
			</attr>
			<attr xmlns="">
				<attrlabl>MNLEGR</attrlabl>
				<attrdef>MN Representative Republican Party candidate votes</attrdef>
				<attalias Sync="TRUE">MNLEGR</attalias>
				<attrtype Sync="TRUE">Integer</attrtype>
				<attwidth Sync="TRUE">5</attwidth>
				<atprecis Sync="TRUE">5</atprecis>
				<attscale Sync="TRUE">0</attscale>
			</attr>
			<attr xmlns="">
				<attrlabl>MNLEGDFL</attrlabl>
				<attrdef>MN Representative Democratic-Farmer-Labor Party candidate votes</attrdef>
				<attalias Sync="TRUE">MNLEGDFL</attalias>
				<attrtype Sync="TRUE">Integer</attrtype>
				<attwidth Sync="TRUE">5</attwidth>
				<atprecis Sync="TRUE">5</atprecis>
				<attscale Sync="TRUE">0</attscale>
			</attr>
			<attr xmlns="">
				<attrlabl>MNLEGWI</attrlabl>
				<attrdef>MN Representative Write In candidate votes--includes registered and non-registered write-ins</attrdef>
				<attalias Sync="TRUE">MNLEGWI</attalias>
				<attrtype Sync="TRUE">Integer</attrtype>
				<attwidth Sync="TRUE">5</attwidth>
				<atprecis Sync="TRUE">5</atprecis>
				<attscale Sync="TRUE">0</attscale>
			</attr>
			<attr xmlns="">
				<attrlabl>MNLEGTOTAL</attrlabl>
				<attrdef>MN Representative total votes</attrdef>
				<attalias Sync="TRUE">MNLEGTOTAL</attalias>
				<attrtype Sync="TRUE">Integer</attrtype>
				<attwidth Sync="TRUE">5</attwidth>
				<atprecis Sync="TRUE">5</atprecis>
				<attscale Sync="TRUE">0</attscale>
			</attr>
			<attr xmlns="">
				<attrlabl Sync="TRUE">MNGOVIP</attrlabl>
				<attalias Sync="TRUE">MNGOVIP</attalias>
				<attrtype Sync="TRUE">Integer</attrtype>
				<attwidth Sync="TRUE">5</attwidth>
				<atprecis Sync="TRUE">5</atprecis>
				<attscale Sync="TRUE">0</attscale>
				<attrdef>MN Governor Independence Party candidate (HANNAH NICOLLET AND TIM GIESEKE) votes</attrdef>
			</attr>
			<attr xmlns="">
				<attrlabl Sync="TRUE">MNGOVR</attrlabl>
				<attalias Sync="TRUE">MNGOVR</attalias>
				<attrtype Sync="TRUE">Integer</attrtype>
				<attwidth Sync="TRUE">5</attwidth>
				<atprecis Sync="TRUE">5</atprecis>
				<attscale Sync="TRUE">0</attscale>
				<attrdef>MN Governor Republican Party candidate (JEFF JOHNSON AND BILL KUISLE) votes</attrdef>
			</attr>
			<attr xmlns="">
				<attrlabl Sync="TRUE">MNGOVDFL</attrlabl>
				<attalias Sync="TRUE">MNGOVDFL</attalias>
				<attrtype Sync="TRUE">Integer</attrtype>
				<attwidth Sync="TRUE">5</attwidth>
				<atprecis Sync="TRUE">5</atprecis>
				<attscale Sync="TRUE">0</attscale>
				<attrdef>MN Governor Democratic-Farmer-Labor Party candidate (MARK DAYTON AND TINA SMITH) votes</attrdef>
			</attr>
			<attr xmlns="">
				<attrlabl Sync="TRUE">MNGOVLIB</attrlabl>
				<attalias Sync="TRUE">MNGOVLIB</attalias>
				<attrtype Sync="TRUE">Integer</attrtype>
				<attwidth Sync="TRUE">5</attwidth>
				<atprecis Sync="TRUE">5</atprecis>
				<attscale Sync="TRUE">0</attscale>
				<attrdef>MN Governor Libertarian Party candidate (CHRIS HOLBROOK AND CHRIS DOCK ) votes</attrdef>
			</attr>
			<attr xmlns="">
				<attrlabl Sync="TRUE">MNGOVGLC</attrlabl>
				<attalias Sync="TRUE">MNGOVGLC</attalias>
				<attrtype Sync="TRUE">Integer</attrtype>
				<attwidth Sync="TRUE">5</attwidth>
				<atprecis Sync="TRUE">5</atprecis>
				<attscale Sync="TRUE">0</attscale>
				<attrdef>MN Governor Grassroots - Legalize Cannabis Party candidate (CHRIS WRIGHT AND DAVID DANIELS) votes</attrdef>
			</attr>
			<attr xmlns="">
				<attrlabl Sync="TRUE">MNGOVWI</attrlabl>
				<attalias Sync="TRUE">MNGOVWI</attalias>
				<attrtype Sync="TRUE">Integer</attrtype>
				<attwidth Sync="TRUE">5</attwidth>
				<atprecis Sync="TRUE">5</atprecis>
				<attscale Sync="TRUE">0</attscale>
				<attrdef>MN Governor Write In candidate votes--includes registered and non-registered write-ins</attrdef>
			</attr>
			<attr xmlns="">
				<attrlabl Sync="TRUE">MNGOVTOTAL</attrlabl>
				<attalias Sync="TRUE">MNGOVTOTAL</attalias>
				<attrtype Sync="TRUE">Integer</attrtype>
				<attwidth Sync="TRUE">5</attwidth>
				<atprecis Sync="TRUE">5</atprecis>
				<attscale Sync="TRUE">0</attscale>
				<attrdef>MN Governor total votes</attrdef>
			</attr>
			<attr xmlns="">
				<attrlabl Sync="TRUE">MNSOSIP</attrlabl>
				<attalias Sync="TRUE">MNSOSIP</attalias>
				<attrtype Sync="TRUE">Integer</attrtype>
				<attwidth Sync="TRUE">5</attwidth>
				<atprecis Sync="TRUE">5</atprecis>
				<attscale Sync="TRUE">0</attscale>
				<attrdef>MN Secretary of State Independence Party candidate ( BOB HELLAND) votes</attrdef>
			</attr>
			<attr xmlns="">
				<attrlabl Sync="TRUE">MNSOSR</attrlabl>
				<attalias Sync="TRUE">MNSOSR</attalias>
				<attrtype Sync="TRUE">Integer</attrtype>
				<attwidth Sync="TRUE">5</attwidth>
				<atprecis Sync="TRUE">5</atprecis>
				<attscale Sync="TRUE">0</attscale>
				<attrdef>MN Secretary of State Republican Party candidate ( DAN SEVERSON) votes</attrdef>
			</attr>
			<attr xmlns="">
				<attrlabl Sync="TRUE">MNSOSDFL</attrlabl>
				<attalias Sync="TRUE">MNSOSDFL</attalias>
				<attrtype Sync="TRUE">Integer</attrtype>
				<attwidth Sync="TRUE">5</attwidth>
				<atprecis Sync="TRUE">5</atprecis>
				<attscale Sync="TRUE">0</attscale>
				<attrdef>MN Secretary of State Democratic-Farmer-Labor Party candidate (STEVE SIMON) votes</attrdef>
			</attr>
			<attr xmlns="">
				<attrlabl Sync="TRUE">MNSOSLIB</attrlabl>
				<attalias Sync="TRUE">MNSOSLIB</attalias>
				<attrtype Sync="TRUE">Integer</attrtype>
				<attwidth Sync="TRUE">5</attwidth>
				<atprecis Sync="TRUE">5</atprecis>
				<attscale Sync="TRUE">0</attscale>
				<attrdef>MN Secretary of State Libertarian Party candidate (BOB ODDEN) votes</attrdef>
			</attr>
			<attr xmlns="">
				<attrlabl Sync="TRUE">MNSOSWI</attrlabl>
				<attalias Sync="TRUE">MNSOSWI</attalias>
				<attrtype Sync="TRUE">Integer</attrtype>
				<attwidth Sync="TRUE">5</attwidth>
				<atprecis Sync="TRUE">5</atprecis>
				<attscale Sync="TRUE">0</attscale>
				<attrdef>MN Secretary of State Write In candidate votes--includes registered and non-registered write-ins</attrdef>
			</attr>
			<attr xmlns="">
				<attrlabl Sync="TRUE">MNSOSTOTAL</attrlabl>
				<attalias Sync="TRUE">MNSOSTOTAL</attalias>
				<attrtype Sync="TRUE">Integer</attrtype>
				<attwidth Sync="TRUE">5</attwidth>
				<atprecis Sync="TRUE">5</atprecis>
				<attscale Sync="TRUE">0</attscale>
				<attrdef>MN Secretary of State total votes</attrdef>
			</attr>
			<attr xmlns="">
				<attrlabl Sync="TRUE">MNAUDIP</attrlabl>
				<attalias Sync="TRUE">MNAUDIP</attalias>
				<attrtype Sync="TRUE">Integer</attrtype>
				<attwidth Sync="TRUE">5</attwidth>
				<atprecis Sync="TRUE">5</atprecis>
				<attscale Sync="TRUE">0</attscale>
				<attrdef>MN State Auditor Independence Party candidate (PATRICK DEAN) votes</attrdef>
			</attr>
			<attr xmlns="">
				<attrlabl Sync="TRUE">MNAUDR</attrlabl>
				<attalias Sync="TRUE">MNAUDR</attalias>
				<attrtype Sync="TRUE">Integer</attrtype>
				<attwidth Sync="TRUE">5</attwidth>
				<atprecis Sync="TRUE">5</atprecis>
				<attscale Sync="TRUE">0</attscale>
				<attrdef>MN State Auditor Republican Party candidate (RANDY GILBERT) votes</attrdef>
			</attr>
			<attr xmlns="">
				<attrlabl Sync="TRUE">MNAUDDFL</attrlabl>
				<attalias Sync="TRUE">MNAUDDFL</attalias>
				<attrtype Sync="TRUE">Integer</attrtype>
				<attwidth Sync="TRUE">5</attwidth>
				<atprecis Sync="TRUE">5</atprecis>
				<attscale Sync="TRUE">0</attscale>
				<attrdef>MN State Auditor Democratic-Farmer-Labor Party candidate (REBECCA OTTO) votes</attrdef>
			</attr>
			<attr xmlns="">
				<attrlabl Sync="TRUE">MNAUDLIB</attrlabl>
				<attalias Sync="TRUE">MNAUDLIB</attalias>
				<attrtype Sync="TRUE">Integer</attrtype>
				<attwidth Sync="TRUE">5</attwidth>
				<atprecis Sync="TRUE">5</atprecis>
				<attscale Sync="TRUE">0</attscale>
				<attrdef>MN State Auditor Libertarian Party candidate (KEEGAN IVERSEN )votes</attrdef>
			</attr>
			<attr xmlns="">
				<attrlabl Sync="TRUE">MNAUDGLC</attrlabl>
				<attalias Sync="TRUE">MNAUDGLC</attalias>
				<attrtype Sync="TRUE">Integer</attrtype>
				<attwidth Sync="TRUE">5</attwidth>
				<atprecis Sync="TRUE">5</atprecis>
				<attscale Sync="TRUE">0</attscale>
				<attrdef>MN State Auditor Grassroots - Legalize Cannabis Party candidate (JUDITH SCHWARTZBACKER) votes</attrdef>
			</attr>
			<attr xmlns="">
				<attrlabl Sync="TRUE">MNAUDWI</attrlabl>
				<attalias Sync="TRUE">MNAUDWI</attalias>
				<attrtype Sync="TRUE">Integer</attrtype>
				<attwidth Sync="TRUE">5</attwidth>
				<atprecis Sync="TRUE">5</atprecis>
				<attscale Sync="TRUE">0</attscale>
				<attrdef>MN State Auditor Write In candidate votes--includes registered and non-registered write-ins</attrdef>
			</attr>
			<attr xmlns="">
				<attrlabl Sync="TRUE">MNAUDTOTAL</attrlabl>
				<attalias Sync="TRUE">MNAUDTOTAL</attalias>
				<attrtype Sync="TRUE">Integer</attrtype>
				<attwidth Sync="TRUE">5</attwidth>
				<atprecis Sync="TRUE">5</atprecis>
				<attscale Sync="TRUE">0</attscale>
				<attrdef>MN State Auditor total votes</attrdef>
			</attr>
			<attr xmlns="">
				<attrlabl Sync="TRUE">MNAGIP</attrlabl>
				<attalias Sync="TRUE">MNAGIP</attalias>
				<attrtype Sync="TRUE">Integer</attrtype>
				<attwidth Sync="TRUE">5</attwidth>
				<atprecis Sync="TRUE">5</atprecis>
				<attscale Sync="TRUE">0</attscale>
				<attrdef>MN Attorney General Independence Party candidate (BRANDAN BORGOS) votes</attrdef>
			</attr>
			<attr xmlns="">
				<attrlabl Sync="TRUE">MNAGR</attrlabl>
				<attalias Sync="TRUE">MNAGR</attalias>
				<attrtype Sync="TRUE">Integer</attrtype>
				<attwidth Sync="TRUE">5</attwidth>
				<atprecis Sync="TRUE">5</atprecis>
				<attscale Sync="TRUE">0</attscale>
				<attrdef>MN Attorney General Republican Party candidate (SCOTT NEWMAN) votes</attrdef>
			</attr>
			<attr xmlns="">
				<attrlabl Sync="TRUE">MNAGDFL</attrlabl>
				<attalias Sync="TRUE">MNAGDFL</attalias>
				<attrtype Sync="TRUE">Integer</attrtype>
				<attwidth Sync="TRUE">5</attwidth>
				<atprecis Sync="TRUE">5</atprecis>
				<attscale Sync="TRUE">0</attscale>
				<attrdef>MN Attorney General Democratic-Farmer-Labor Party candidate (LORI SWANSON) votes</attrdef>
			</attr>
			<attr xmlns="">
				<attrlabl Sync="TRUE">MNAGGP</attrlabl>
				<attalias Sync="TRUE">MNAGGP</attalias>
				<attrtype Sync="TRUE">Integer</attrtype>
				<attwidth Sync="TRUE">5</attwidth>
				<atprecis Sync="TRUE">5</atprecis>
				<attscale Sync="TRUE">0</attscale>
				<attrdef>MN Attorney General Green Party candidate (ANDY DAWKINS) votes</attrdef>
			</attr>
			<attr xmlns="">
				<attrlabl Sync="TRUE">MNAGLIB</attrlabl>
				<attalias Sync="TRUE">MNAGLIB</attalias>
				<attrtype Sync="TRUE">Integer</attrtype>
				<attwidth Sync="TRUE">5</attwidth>
				<atprecis Sync="TRUE">5</atprecis>
				<attscale Sync="TRUE">0</attscale>
				<attrdef>MN Attorney General Libertarian Party candidate (MARY O'CONNOR) votes</attrdef>
			</attr>
			<attr xmlns="">
				<attrlabl Sync="TRUE">MNAGLMN</attrlabl>
				<attalias Sync="TRUE">MNAGLMN</attalias>
				<attrtype Sync="TRUE">Integer</attrtype>
				<attwidth Sync="TRUE">5</attwidth>
				<atprecis Sync="TRUE">5</atprecis>
				<attscale Sync="TRUE">0</attscale>
				<attrdef>MN Attorney General Legal Marijuana Now Party candidate (DAN R. VACEK)votes</attrdef>
			</attr>
			<attr xmlns="">
				<attrlabl Sync="TRUE">MNAGWI</attrlabl>
				<attalias Sync="TRUE">MNAGWI</attalias>
				<attrtype Sync="TRUE">Integer</attrtype>
				<attwidth Sync="TRUE">5</attwidth>
				<atprecis Sync="TRUE">5</atprecis>
				<attscale Sync="TRUE">0</attscale>
				<attrdef>MN Attorney General Write In candidate votes--includes registered and non-registered write-ins</attrdef>
			</attr>
			<attr>
				<attrlabl Sync="TRUE">Shape_Leng</attrlabl>
				<attalias Sync="TRUE">Shape_Leng</attalias>
				<attrtype Sync="TRUE">Double</attrtype>
				<attwidth Sync="TRUE">19</attwidth>
				<atprecis Sync="TRUE">0</atprecis>
				<attscale Sync="TRUE">0</attscale>
			</attr>
			<attr xmlns="">
				<attrlabl Sync="TRUE">MNAGTOTAL</attrlabl>
				<attalias Sync="TRUE">MNAGTOTAL</attalias>
				<attrtype Sync="TRUE">Integer</attrtype>
				<attwidth Sync="TRUE">5</attwidth>
				<atprecis Sync="TRUE">5</atprecis>
				<attscale Sync="TRUE">0</attscale>
				<attrdef>MN Attorney General total votes</attrdef>
			</attr>
		</detailed>
	</eainfo>
	<distInfo xmlns="">
		<distFormat xmlns="">
			<formatName Sync="TRUE">Shapefile</formatName>
		</distFormat>
		<distTranOps xmlns="">
			<transSize Sync="TRUE">0.000</transSize>
		</distTranOps>
	</distInfo>
	<mdHrLvName Sync="TRUE">dataset</mdHrLvName>
	<refSysInfo>
		<RefSystem>
			<refSysID>
				<identCode code="26915" Sync="TRUE"/>
				<idCodeSpace Sync="TRUE">EPSG</idCodeSpace>
				<idVersion Sync="TRUE">6.13(3.0.1)</idVersion>
			</refSysID>
		</RefSystem>
	</refSysInfo>
	<spdoinfo>
		<ptvctinf>
			<esriterm Name="general_election_results_by_precinct_2014">
				<efeatyp Sync="TRUE">Simple</efeatyp>
				<efeageom code="4" Sync="TRUE"/>
				<esritopo Sync="TRUE">FALSE</esritopo>
				<efeacnt Sync="TRUE">0</efeacnt>
				<spindex Sync="TRUE">FALSE</spindex>
				<linrefer Sync="TRUE">FALSE</linrefer>
			</esriterm>
		</ptvctinf>
	</spdoinfo>
	<mdMaint xmlns="">
		<maintFreq>
			<MaintFreqCd value="011"/>
		</maintFreq>
	</mdMaint>
	<dqInfo xmlns="">
		<dataLineage>
			<statement>Used OGR to join vtd2014general.shp with spreadsheet of election results.</statement>
		</dataLineage>
	</dqInfo>
</metadata>
